{
  "PromedioAreas": {
    "Promedios": {
      "Ingles": 39.77777777777778,
      "Matematicas": 37.888888888888886,
      "Sociales": 43.888888888888886,
      "Naturales": 40.111111111111114,
      "Lectura": 42.333333333333336,
      "Global": 204.66666666666666
    },
    "Porcentaje": {
      "Ingles": 19.498910675381264,
      "Matematicas": 18.572984749455337,
      "Sociales": 21.514161220043572,
      "Naturales": 19.66230936819172,
      "Lectura": 20.75163398692811
    }
  },
  "PromedioPeriodos": [
    {
      "Periodo": "20224",
      "Ingles": 39.77777777777778,
      "Matematicas": 37.888888888888886,
      "Sociales": 43.888888888888886,
      "Naturales": 40.111111111111114,
      "Lectura": 42.333333333333336,
      "Global": 204.66666666666666
    }
  ]
}